{"cameraMode":{"drawMode":0,"name":"Shaded","section":"Shading Mode"},"sceneLighting":false,"audioPlay":false,"sceneViewState":{"showFog":true,"showMaterialUpdate":true,"showSkybox":false,"showFlares":true,"showImageEffects":true,"showParticleSystems":true},"in2DMode":false,"pivot":{"x":5.934907913208008,"y":1.4821972846984864,"z":-17.079910278320314},"rotation":{"x":0.1056954562664032,"y":0.282413512468338,"z":-0.03131944686174393,"w":0.9529377222061157},"size":3.4456207752227785,"orthographic":false}