{"cameraMode":{"drawMode":0,"name":"Shaded","section":"Shading Mode"},"sceneLighting":false,"audioPlay":false,"sceneViewState":{"showFog":true,"showMaterialUpdate":true,"showSkybox":true,"showFlares":true,"showImageEffects":true,"showParticleSystems":true},"in2DMode":false,"pivot":{"x":5.801938533782959,"y":3.534841299057007,"z":-14.047176361083985},"rotation":{"x":0.004213953390717506,"y":0.9894517660140991,"z":-0.1419581025838852,"w":0.029388340190052987},"size":2.810621976852417,"orthographic":false}