{"cameraMode":{"drawMode":0,"name":"Shaded","section":"Shading Mode"},"sceneLighting":false,"audioPlay":false,"sceneViewState":{"showFog":true,"showMaterialUpdate":true,"showSkybox":true,"showFlares":true,"showImageEffects":true,"showParticleSystems":true},"in2DMode":false,"pivot":{"x":0.006864011287689209,"y":-0.004799528047442436,"z":0.008698716759681702},"rotation":{"x":-0.1263536661863327,"y":0.7593891620635986,"z":-0.15497541427612306,"w":-0.6191490888595581},"size":0.27580440044403078,"orthographic":false}