{"cameraMode":{"drawMode":0,"name":"Shaded","section":"Shading Mode"},"sceneLighting":false,"audioPlay":false,"sceneViewState":{"showFog":true,"showMaterialUpdate":true,"showSkybox":false,"showFlares":true,"showImageEffects":true,"showParticleSystems":true},"in2DMode":false,"pivot":{"x":13.784677505493164,"y":1.5975151062011719,"z":-15.685440063476563},"rotation":{"x":-0.03679654002189636,"y":-0.6731117367744446,"z":0.03356296569108963,"w":-0.7378676533699036},"size":5.761693477630615,"orthographic":false}