{"cameraMode":{"drawMode":0,"name":"Shaded","section":"Shading Mode"},"sceneLighting":false,"audioPlay":false,"sceneViewState":{"showFog":true,"showMaterialUpdate":true,"showSkybox":false,"showFlares":true,"showImageEffects":true,"showParticleSystems":true},"in2DMode":false,"pivot":{"x":6.865999221801758,"y":2.3492419719696047,"z":-16.088497161865236},"rotation":{"x":0.020436663180589677,"y":0.2921270430088043,"z":-0.006239626556634903,"w":0.9561408162117004},"size":5.2300124168396,"orthographic":false}