{"cameraMode":{"drawMode":0,"name":"Shaded","section":"Shading Mode"},"sceneLighting":false,"audioPlay":false,"sceneViewState":{"showFog":true,"showMaterialUpdate":true,"showSkybox":false,"showFlares":true,"showImageEffects":true,"showParticleSystems":true},"in2DMode":false,"pivot":{"x":5.030673027038574,"y":1.333267092704773,"z":-16.33268928527832},"rotation":{"x":0.1056954562664032,"y":0.282413512468338,"z":-0.03131944686174393,"w":0.9529377222061157},"size":3.084707736968994,"orthographic":false}